{
    "$schema": "https://schema.management.azure.com/schemas/2015-01-01/deploymentTemplate.json#",
    "contentVersion": "1.0.0.0",
    "parameters": {
        "virtualMachines_linuxweb01_name": {
            "defaultValue": "linuxweb01",
            "type": "String"
        },
        "disks_linuxweb01_disk1_76e2b70c4cf848a0aee8dcf66db5d56c_externalid": {
            "defaultValue": "/subscriptions/2ed34f93-942c-4b20-af93-16e135cc3589/resourceGroups/LEARN-11685516-BB20-4B91-8A34-E9B1D1E383BC/providers/Microsoft.Compute/disks/linuxweb01_disk1_76e2b70c4cf848a0aee8dcf66db5d56c",
            "type": "String"
        },
        "networkInterfaces_linuxweb01NetInt_externalid": {
            "defaultValue": "/subscriptions/2ed34f93-942c-4b20-af93-16e135cc3589/resourceGroups/learn-11685516-bb20-4b91-8a34-e9b1d1e383bc/providers/Microsoft.Network/networkInterfaces/linuxweb01NetInt",
            "type": "String"
        }
    },
    "variables": {},
    "resources": [
        {
            "type": "Microsoft.Compute/virtualMachines",
            "apiVersion": "2019-07-01",
            "name": "[parameters('virtualMachines_linuxweb01_name')]",
            "location": "westus",
            "properties": {
                "hardwareProfile": {
                    "vmSize": "Standard_B2s"
                },
                "storageProfile": {
                    "imageReference": {
                        "publisher": "Canonical",
                        "offer": "UbuntuServer",
                        "sku": "18.04-LTS",
                        "version": "latest"
                    },
                    "osDisk": {
                        "osType": "Linux",
                        "name": "[concat(parameters('virtualMachines_linuxweb01_name'), '_disk1_76e2b70c4cf848a0aee8dcf66db5d56c')]",
                        "createOption": "FromImage",
                        "caching": "ReadWrite",
                        "managedDisk": {
                            "storageAccountType": "Standard_LRS",
                            "id": "[parameters('disks_linuxweb01_disk1_76e2b70c4cf848a0aee8dcf66db5d56c_externalid')]"
                        },
                        "diskSizeGB": 30
                    },
                    "dataDisks": []
                },
                "osProfile": {
                    "computerName": "[parameters('virtualMachines_linuxweb01_name')]",
                    "adminUsername": "ladmin",
                    "linuxConfiguration": {
                        "disablePasswordAuthentication": false,
                        "provisionVMAgent": true
                    },
                    "secrets": [],
                    "allowExtensionOperations": true,
                    "requireGuestProvisionSignal": true
                },
                "networkProfile": {
                    "networkInterfaces": [
                        {
                            "id": "[parameters('networkInterfaces_linuxweb01NetInt_externalid')]"
                        }
                    ]
                }
            }
        }
    ]
}